{"cameraMode":{"drawMode":0,"name":"Shaded","section":"Shading Mode"},"sceneLighting":false,"audioPlay":false,"sceneViewState":{"showFog":true,"showMaterialUpdate":false,"showSkybox":false,"showFlares":true,"showImageEffects":true,"showParticleSystems":true},"in2DMode":false,"pivot":{"x":1.0089508295059205,"y":0.9325134754180908,"z":4.296956539154053},"rotation":{"x":-0.16002728044986726,"y":0.03315750136971474,"z":-0.005378545727580786,"w":-0.986542284488678},"size":0.6928203701972961,"orthographic":false}