{"cameraMode":{"drawMode":0,"name":"Shaded","section":"Shading Mode"},"sceneLighting":false,"audioPlay":false,"sceneViewState":{"showFog":true,"showMaterialUpdate":false,"showSkybox":true,"showFlares":true,"showImageEffects":true,"showParticleSystems":true},"in2DMode":false,"pivot":{"x":-0.4679427444934845,"y":0.5786755681037903,"z":4.220102787017822},"rotation":{"x":-0.04827449470758438,"y":0.026063866913318635,"z":-0.0012601928319782019,"w":-0.9984970092773438},"size":4.890786647796631,"orthographic":false}