{"cameraMode":{"drawMode":0,"name":"Shaded","section":"Shading Mode"},"sceneLighting":false,"audioPlay":false,"sceneViewState":{"showFog":true,"showMaterialUpdate":false,"showSkybox":true,"showFlares":true,"showImageEffects":true,"showParticleSystems":true},"in2DMode":false,"pivot":{"x":-0.15926171839237214,"y":-1.7457557916641236,"z":5.677499294281006},"rotation":{"x":-0.25683578848838808,"y":0.6839401721954346,"z":-0.282585471868515,"w":-0.6216191649436951},"size":7.411835670471191,"orthographic":false}