{"cameraMode":{"drawMode":0,"name":"Shaded","section":"Shading Mode"},"sceneLighting":false,"audioPlay":false,"sceneViewState":{"showFog":true,"showMaterialUpdate":false,"showSkybox":true,"showFlares":true,"showImageEffects":true,"showParticleSystems":true},"in2DMode":false,"pivot":{"x":-3.7022571563720705,"y":1.6092443466186524,"z":0.6522598266601563},"rotation":{"x":-0.1215740293264389,"y":0.8197077512741089,"z":-0.18917271494865418,"w":-0.526794970035553},"size":13.318121910095215,"orthographic":false}